round,:,55
223892.51558681997,465.8064385145419,441.75766543000003
223842.60394054995,461.8290666510567,648.62892433
-,-,-
round,:,58
138166.97500941,452.8957296829234,376.42993350000006
138166.97500941,449.12595766663753,441.75766543000003
138137.27548302998,440.6014481837201,478.62483077
-,-,-
round,:,61
256898.38997778,434.662696472893,441.75766543000003
256835.56293420002,424.9847943542361,817.17325729
-,-,-
round,:,62
158976.87115111004,413.3791574036642,441.75766543000003
158969.21457276004,403.18203768207417,785.74290164
-,-,-
round,:,64
171059.05628778008,440.0600813455248,441.75766543000003
171056.17067753006,434.56986736314866,736.70826959
-,-,-
round,:,65
228084.00458793997,476.4816309861896,441.75766543000003
228010.80357610996,472.45768931679413,553.5732603
-,-,-
round,:,67
235678.88378501008,515.508225453689,441.75766543000003
235641.25637803006,505.1089243753736,562.48874846
235608.79428099006,498.3483791144741,817.17325729
-,-,-
round,:,71
254906.50086226003,435.4644947655506,817.17325729
254895.43975799,431.5699608548868,927.0566318499999
-,-,-
round,:,73
277408.19811864995,457.49276695614776,840.60270331
277397.3173036499,452.76492284587795,1002.78304957
277397.31730364996,450.9296369494877,1046.68597324
-,-,-
round,:,74
186369.96001559,520.3711370352985,840.60270331
186321.24531052998,509.80819023684506,861.76373355
-,-,-
round,:,75
268283.4351769299,511.40612201774707,836.99048897
268283.4351769299,508.7984942112986,1022.10520911
268176.7919743599,506.1620188852187,1073.46903566
-,-,-
round,:,77
298121.11003534996,524.3743755121961,1095.86496898
298104.03045257,522.0450292312057,1193.6636567799999
-,-,-
round,:,79
281839.46772571,532.7738927304788,1095.86496898
281800.75759704993,530.1177033587093,1101.1429897599999
-,-,-
round,:,81
272005.03629399993,491.0039136619032,1095.86496898
271990.52901179,483.26329074016667,1101.1429897599999
271987.67717393994,481.31657580675505,1178.81086742
271944.26963237,480.54201489025786,1225.41173711
271898.60404408997,482.9593288601363,1243.84345927
-,-,-
round,:,86
204795.2902457799,405.58270672939244,1095.86496898
204696.6048804799,401.1939649774693,1220.0137475800002
-,-,-
round,:,90
207034.32409510997,413.76000934448774,1060.32023817
206982.41726381998,413.2397689341884,1209.2497267099998
-,-,-
round,:,92
185665.12946372005,436.54793790356763,1180.27375163
185514.42306333003,432.62969350931434,1272.2149723
-,-,-
round,:,95
314424.57213433995,481.5674726313397,1426.4051874299998
314346.6784435999,468.152215952073,1457.39280997
-,-,-
round,:,97
298176.21273899986,473.60976924394384,1426.4051874299998
298098.48986898985,466.3747281999315,1559.6888447000001
-,-,-
round,:,99
347391.99532088015,475.7115239820969,1426.4051874299998
347314.4895008601,474.84373430571395,1587.87379508
347314.4895008601,473.602525165916,1655.8918559699998
347028.53851663007,472.64314116667543,1702.77174543
346969.2695327401,463.8608804528238,1725.90390386
346960.8661241901,463.05428533281747,1731.9664667099998
346960.86612419016,462.24337141500325,1755.11507913
-,-,-
round,:,101
341661.3002865202,512.3984716542936,1426.4051874299998
341631.6381331602,505.23504708394927,1702.77174543
-,-,-
round,:,105
294830.35683523,575.7728076724835,1409.54234322
294809.98082809,568.4045833025754,1415.93964121
294739.21302764,565.8944952840272,1426.4051874299998
294653.30379907,554.74922932557,1702.77174543
-,-,-
round,:,107
345058.17588409997,513.328951200702,1409.54234322
345058.08962748,505.759582282464,1426.4051874299998
-,-,-
round,:,120
277086.80272485,508.8145789973069,1687.04429209
277072.65705212,506.98720251765843,1884.27078261
-,-,-
round,:,121
352126.1647874901,458.6656459006352,1772.46110505
352034.74198803003,451.7558796772924,2027.21975678
-,-,-
round,:,122
257848.76563495002,459.5864739806117,1919.4663588900005
257826.04277068004,453.9113406082196,1969.00008101
-,-,-
round,:,55
223892.51558681997,465.8064385145419,441.75766543000003
223842.60394054995,461.8290666510567,648.62892433
-,-,-
round,:,58
138166.97500941,452.8957296829234,376.42993350000006
138166.97500941,449.12595766663753,441.75766543000003
138137.27548302998,440.6014481837201,478.62483077
-,-,-
round,:,61
256898.38997778,434.662696472893,441.75766543000003
256835.56293420002,424.9847943542361,817.17325729
-,-,-
round,:,62
158976.87115111004,413.3791574036642,441.75766543000003
158969.21457276004,403.18203768207417,785.74290164
-,-,-
round,:,64
171059.05628778008,440.0600813455248,441.75766543000003
171056.17067753006,434.56986736314866,736.70826959
-,-,-
round,:,65
228084.00458793997,476.4816309861896,441.75766543000003
228010.80357610996,472.45768931679413,553.5732603
-,-,-
round,:,67
235678.88378501008,515.508225453689,441.75766543000003
235641.25637803006,505.1089243753736,562.48874846
235608.79428099006,498.3483791144741,817.17325729
-,-,-
round,:,71
254906.50086226003,435.4644947655506,817.17325729
254895.43975799,431.5699608548868,927.0566318499999
-,-,-
round,:,73
277408.19811864995,457.49276695614776,840.60270331
277397.3173036499,452.76492284587795,1002.78304957
277397.31730364996,450.9296369494877,1046.68597324
-,-,-
round,:,74
186369.96001559,520.3711370352985,840.60270331
186321.24531052998,509.80819023684506,861.76373355
-,-,-
round,:,75
268283.4351769299,511.40612201774707,836.99048897
268283.4351769299,508.7984942112986,1022.10520911
268176.7919743599,506.1620188852187,1073.46903566
-,-,-
round,:,77
298121.11003534996,524.3743755121961,1095.86496898
298104.03045257,522.0450292312057,1193.6636567799999
-,-,-
round,:,79
281839.46772571,532.7738927304788,1095.86496898
281800.75759704993,530.1177033587093,1101.1429897599999
-,-,-
round,:,81
272005.03629399993,491.0039136619032,1095.86496898
271990.52901179,483.26329074016667,1101.1429897599999
271987.67717393994,481.31657580675505,1178.81086742
271944.26963237,480.54201489025786,1225.41173711
271898.60404408997,482.9593288601363,1243.84345927
-,-,-
round,:,86
204795.2902457799,405.58270672939244,1095.86496898
204696.6048804799,401.1939649774693,1220.0137475800002
-,-,-
round,:,90
207034.32409510997,413.76000934448774,1060.32023817
206982.41726381998,413.2397689341884,1209.2497267099998
-,-,-
round,:,55
223892.51558681997,465.8064385145419,441.75766543000003
223842.60394054995,461.8290666510567,648.62892433
-,-,-
round,:,58
138166.97500941,452.8957296829234,376.42993350000006
138166.97500941,449.12595766663753,441.75766543000003
138137.27548302998,440.6014481837201,478.62483077
-,-,-
round,:,61
256898.38997778,434.662696472893,441.75766543000003
256835.56293420002,424.9847943542361,817.17325729
-,-,-
round,:,62
158976.87115111004,413.3791574036642,441.75766543000003
158969.21457276004,403.18203768207417,785.74290164
-,-,-
round,:,64
171059.05628778008,440.0600813455248,441.75766543000003
171056.17067753006,434.56986736314866,736.70826959
-,-,-
round,:,65
228084.00458793997,476.4816309861896,441.75766543000003
228010.80357610996,472.45768931679413,553.5732603
-,-,-
round,:,67
235678.88378501008,515.508225453689,441.75766543000003
235641.25637803006,505.1089243753736,562.48874846
235608.79428099006,498.3483791144741,817.17325729
-,-,-
round,:,71
254906.50086226003,435.4644947655506,817.17325729
254895.43975799,431.5699608548868,927.0566318499999
-,-,-
round,:,73
277408.19811864995,457.49276695614776,840.60270331
277397.3173036499,452.76492284587795,1002.78304957
277397.31730364996,450.9296369494877,1046.68597324
-,-,-
round,:,74
186369.96001559,520.3711370352985,840.60270331
186321.24531052998,509.80819023684506,861.76373355
-,-,-
round,:,75
268283.4351769299,511.40612201774707,836.99048897
268283.4351769299,508.7984942112986,1022.10520911
268176.7919743599,506.1620188852187,1073.46903566
-,-,-
round,:,77
298121.11003534996,524.3743755121961,1095.86496898
298104.03045257,522.0450292312057,1193.6636567799999
-,-,-
round,:,79
281839.46772571,532.7738927304788,1095.86496898
281800.75759704993,530.1177033587093,1101.1429897599999
-,-,-
round,:,81
272005.03629399993,491.0039136619032,1095.86496898
271990.52901179,483.26329074016667,1101.1429897599999
271987.67717393994,481.31657580675505,1178.81086742
271944.26963237,480.54201489025786,1225.41173711
271898.60404408997,482.9593288601363,1243.84345927
-,-,-
round,:,86
204795.2902457799,405.58270672939244,1095.86496898
204696.6048804799,401.1939649774693,1220.0137475800002
-,-,-
round,:,90
207034.32409510997,413.76000934448774,1060.32023817
206982.41726381998,413.2397689341884,1209.2497267099998
-,-,-
round,:,92
185665.12946372005,436.54793790356763,1180.27375163
185514.42306333003,432.62969350931434,1272.2149723
-,-,-
round,:,95
314424.57213433995,481.5674726313397,1426.4051874299998
314346.6784435999,468.152215952073,1457.39280997
-,-,-
round,:,97
298176.21273899986,473.60976924394384,1426.4051874299998
298098.48986898985,466.3747281999315,1559.6888447000001
-,-,-
round,:,99
347391.99532088015,475.7115239820969,1426.4051874299998
347314.4895008601,474.84373430571395,1587.87379508
347314.4895008601,473.602525165916,1655.8918559699998
347028.53851663007,472.64314116667543,1702.77174543
346969.2695327401,463.8608804528238,1725.90390386
346960.8661241901,463.05428533281747,1731.9664667099998
346960.86612419016,462.24337141500325,1755.11507913
-,-,-
round,:,101
341661.3002865202,512.3984716542936,1426.4051874299998
341631.6381331602,505.23504708394927,1702.77174543
-,-,-
round,:,105
294830.35683523,575.7728076724835,1409.54234322
294809.98082809,568.4045833025754,1415.93964121
294739.21302764,565.8944952840272,1426.4051874299998
294653.30379907,554.74922932557,1702.77174543
-,-,-
round,:,107
345058.17588409997,513.328951200702,1409.54234322
345058.08962748,505.759582282464,1426.4051874299998
-,-,-
round,:,120
277086.80272485,508.8145789973069,1687.04429209
277072.65705212,506.98720251765843,1884.27078261
-,-,-
round,:,121
352126.1647874901,458.6656459006352,1772.46110505
352034.74198803003,451.7558796772924,2027.21975678
-,-,-
round,:,122
257848.76563495002,459.5864739806117,1919.4663588900005
257826.04277068004,453.9113406082196,1969.00008101
-,-,-
round,:,123
386191.29731134,509.75187528386107,2216.4480358799997
386150.53262653,505.86478577833265,2240.71548325
-,-,-
round,:,124
323746.08555436006,509.8721960572403,2029.0322831100002
323705.49475674005,507.6403351226557,2054.7452865200003
-,-,-
round,:,125
406211.93979078,479.0699178302092,2351.97117658
406209.71694272006,469.4578304028886,2434.2544002100003
406052.61705245,465.6509242492484,2463.67650959
-,-,-
round,:,129
394396.21462747006,486.8973217688686,2127.5377884
394303.4127438301,480.945575214523,2303.67123558
394273.8039892901,476.67169568585535,2319.95477126
394200.8995207401,467.51821103643175,2423.07338841
393536.8225090601,467.86346427193513,2512.24483462
393036.06579075,467.2931295443152,2523.38927915
-,-,-
round,:,130
294420.8914643799,483.5521262687016,2242.11006843
294359.64378971996,474.9607384920709,2282.32149353
-,-,-
round,:,133
511057.35153512016,432.8223821689781,1848.8763710500002
511045.3017392601,427.4311330798434,2229.2200480900005
-,-,-
round,:,134
309206.49988856,562.6593264509885,2121.1716471
309206.27085828996,557.8901691902513,2150.7355369
-,-,-
round,:,137
353576.48870716,565.796637789421,2448.87188191
353413.95021954,564.4302048513483,2456.47893156
-,-,-
round,:,141
448933.20460380986,478.24028346387394,2592.57228076
448933.20460380986,475.2313582604766,2619.5112742700003
448933.2046038098,470.9526255447462,2654.3102851500003
448933.2046038098,468.32207288749936,2684.20643777
448829.4490569898,466.81440114678986,2746.0112982900005
-,-,-
round,:,143
415379.2783218,568.660442138122,2574.17906713
415378.51959463995,560.1883324097346,2695.05487678
415378.51959463995,558.2054690383994,2746.0112982900005
-,-,-
round,:,145
409321.88364521007,479.64389293512556,2746.0112982900005
409260.4247368701,479.2062928646539,2753.95660402
-,-,-
round,:,150
441439.0861245699,498.80349123190877,2179.36994413
441420.0275466998,496.2174332666505,2318.18690131
-,-,-
round,:,151
461029.93221564003,526.9973281247586,2475.69903436
461029.93221564003,524.925958821648,2512.24483462
461029.93221564003,498.082566589218,2586.41925196
460979.33026459004,494.7359960534283,2742.16289882
-,-,-
round,:,153
449827.95140099025,527.94892874041,2512.24483462
449822.20910411025,522.061512957415,2753.95660402
-,-,-
round,:,155
513159.9709885298,499.4515312352102,2638.20025302
513105.8288001598,498.0985798689435,2753.95660402
-,-,-
round,:,165
492294.1172188801,591.4437907931609,2786.0787652299996
492240.08199999004,589.1499369382163,2841.85255526
-,-,-
round,:,167
453017.7113197199,509.93754308956295,2786.0787652299996
452999.2611379499,501.4261265828654,3011.5931651499995
-,-,-
round,:,173
568753.6011336404,583.247199224216,2786.0787652299996
568752.2265184304,580.8614677128917,3011.5931651499995
-,-,-
round,:,175
435226.15237507,577.2506139083719,2786.0787652299996
435226.15237506997,566.824027061139,3126.92245651
-,-,-
round,:,179
465344.4511220199,566.0805962442311,3313.99165991
465344.4511220199,548.3021999717204,3402.1350482300004
465338.33092590986,541.4422549379541,3556.80920838
465325.3727657099,536.9131010979138,3557.53698081
465307.78392254986,534.9497295178023,3615.5201123899997
465307.7839225499,533.7590427726763,3628.23433819
465305.5610744899,532.8032469685945,3631.83980638
465305.5610744899,530.7374566882497,3732.6504397999997
465305.5610744899,527.8740339936156,3781.99567051
465303.9447418099,517.4328763961383,3787.8033003999994
465303.9447418099,514.2860582400367,3829.0754005299996
465303.94474180986,513.8339075000794,3834.0608042199997
-,-,-
round,:,181
490828.26774963,530.4174433476566,3428.96958855
490826.65141695,523.7967768575861,3628.23433819
490826.65141695,517.3847259342807,3650.8120907900006
490803.72535630997,503.1164967907123,3732.6504397999997
490803.72535631,506.03663653833144,3781.99567051
490802.10902363004,486.70389479866685,3836.5110504
-,-,-
round,:,183
489789.90846817003,458.4487122046401,3628.23433819
489789.90846817003,445.4492565964684,3781.99567051
489788.29213549016,430.0730753059856,3857.55457429
489729.96215943,429.77252778395757,3883.34488105
-,-,-
round,:,189
567365.05833955,509.49545572453604,3628.23433819
567353.77484966,507.4448717806296,3637.03963943
567352.15851698,501.4894767376818,3764.4159361900006
-,-,-
round,:,190
451959.78925336,484.8800167067924,3472.9502246300003
451958.7538178499,483.9533169929485,3568.549140739999
-,-,-
round,:,192
441016.4496039801,511.2858280658353,3429.28476337
441011.46989727014,504.984968282189,3628.23433819
441011.46989727014,493.132493863537,3764.4159361900006
-,-,-
round,:,193
627953.5829906102,510.1097557846488,3764.4159361900006
627953.5829906103,506.89787763971384,3799.4105033399997
-,-,-
round,:,194
473105.5770534098,533.6024270012266,3741.15652883
472989.73079656984,510.72151884207193,3764.4159361900006
472989.73079656984,504.63487669194495,3798.8006013500003
-,-,-
round,:,195
627067.6149746297,549.7200660368218,3536.04707631
627067.6149746297,541.8318045929577,3741.15652883
626956.2144139097,537.7310838958147,3753.35569462
626894.6266676998,536.1457621882602,3764.4159361900006
626894.6266676999,530.2732314906981,3799.4105033399997
-,-,-
round,:,199
678913.4264327502,533.5979653920276,3557.53698081
678875.3611341901,525.85391272061,3741.15652883
678875.36113419,525.449258445423,3774.2361500499997
-,-,-
round,:,200
447670.13682765985,569.2279478345414,3557.53698081
447642.85399399983,554.3127308850534,3727.75649463
447556.9447654298,518.0577502029422,3767.2259843199995
447556.94476542977,504.0271759070755,3774.2361500499997
-,-,-
round,:,203
656190.9332499399,505.5568188388242,3727.75649463
656135.81562022,501.98963025717785,3857.55457429
-,-,-
round,:,205
462626.73498272995,424.52198441863237,3857.55457429
462614.56260062,409.1359436608169,4052.5156923300005
462531.23031025997,406.9639153057317,4254.39975068
-,-,-
round,:,208
463942.05979095015,495.1961598709218,3857.55457429
463933.3083459202,475.6851906397685,4126.713149079999
-,-,-
round,:,211
574634.71390966,547.3426810591409,3857.55457429
574571.9382374799,546.027930146631,4103.486498480001
-,-,-
round,:,212
522424.1528324,569.1779719005433,3857.55457429
522363.60000828,557.882080578702,4110.58305395
522298.88492629,550.2040418196187,4320.7328232400005
522219.53687419003,544.248523949294,4438.1785481100005
522219.53687419003,540.961718276966,4482.40387966
522101.34997717006,537.8394595971781,4489.33941027
-,-,-
round,:,213
527563.2500219599,578.9071807976566,3857.55457429
527500.4743497799,569.2173099371906,4048.18911702
527500.4743497799,565.515636947617,4133.518220370001
-,-,-
round,:,214
544794.40575671,532.6913595999569,3857.55457429
544731.63008453,524.0757601585104,4048.18911702
-,-,-
round,:,215
606665.79124405,543.6903700290814,3857.55457429
606603.0155718699,538.5327070931787,4245.835105980001
-,-,-
round,:,217
652691.4955498996,557.1471380057586,3857.55457429
652633.1655738396,541.1094117301301,4526.38568475
652630.9427257796,538.1629297656127,4551.99999662
652630.9427257796,531.4025881634215,4566.81533224
-,-,-
round,:,219
622519.3831570403,510.4138514947716,3857.55457429
622478.4436458802,500.8600746708982,4109.07629517
622456.6074848602,499.04138501575073,4359.1748400900005
-,-,-
round,:,220
520734.8905381099,577.1166268013939,3767.2259843199995
520728.7703419999,569.3674750161663,3857.55457429
520668.21751787985,564.660333932953,4076.7785316799996
-,-,-
round,:,221
586035.98009421,550.9225501564907,3857.55457429
585977.6501181499,538.6899155741181,4282.0408497
585891.74088958,535.5246059603124,4496.46075789
-,-,-
round,:,223
559556.4971544398,589.4416282303573,4282.0408497
559475.0336219898,584.437588047889,4495.337656770001
-,-,-
round,:,224
517197.71713808,584.832808716605,4282.0408497
517111.80790951,579.1518667593281,4495.337656770001
-,-,-
round,:,227
481057.23181054974,483.6441761396813,4806.057368889999
480986.7527387198,484.79708014615005,4825.75065379
-,-,-
round,:,231
589132.0648601499,527.2470704476749,4663.949825400002
589096.0543710698,517.4369381367068,4748.967079610001
-,-,-
round,:,232
455804.2161851401,468.03564473890304,4705.30343841
455770.95600516006,466.6617541028815,4781.80049059
455762.5494609501,461.34434012368513,4847.10579583
-,-,-
round,:,233
680971.88773414,497.563063966578,4658.604816589999
680971.8877341399,478.30772523733947,5009.035203419999
-,-,-
round,:,235
663461.96122966,536.9604704315931,4579.8107649700005
663366.59519008,535.4403979733007,4650.59698725
-,-,-
round,:,237
664084.10071034,601.3565961532493,4811.0642549
664041.79875466,596.1487097596467,5009.035203419999
-,-,-
round,:,238
578530.2115802901,528.6983171355956,4733.595532769999
578443.7715827601,523.8114862066606,4811.0642549
-,-,-
round,:,240
564067.5037942502,459.0831407628179,4765.38106824
564067.5037942502,445.73657029667663,4811.0642549
564057.9651593802,444.0078959676454,4972.8750818
564009.1216069602,446.6323514800352,4980.50894887
563933.1105549503,441.25781843573844,5026.86284368
-,-,-
round,:,55
223892.51558681997,465.8064385145419,441.75766543000003
223842.60394054995,461.8290666510567,648.62892433
-,-,-
round,:,56
108386.33142609001,430.3322572788044,627.03504779
108377.60497464999,420.4354855046501,627.2754109900001
-,-,-
round,:,57
202430.06666287,447.06466010059717,478.62483077
202386.76422915005,440.38603757493655,642.26753276
202351.07013779003,438.76287724187085,670.4786216699999
-,-,-
round,:,60
158773.08076413002,382.516482932961,745.6320291200001
158743.32588126,381.13541066823143,764.9559177000001
158735.57794869,381.15528515485596,769.71651892
158691.31091838,380.0912403093351,773.1179531799999
-,-,-
round,:,61
258231.92854565996,421.62991566590165,817.17325729
258210.52484067,416.2718395872435,859.8149185699999
258210.52484066994,415.5188647184691,954.6736514
-,-,-
round,:,64
170617.29862235006,427.9692940993248,817.17325729
170572.98967351002,425.17126806512925,894.10795213
-,-,-
round,:,67
235237.12611958006,502.29286427737816,562.48874846
235204.66402254006,495.44582895205906,817.17325729
235125.61327697005,488.1734800358414,903.32497354
235125.61327697005,481.7537136829619,906.81255875
-,-,-
round,:,68
186425.83403691015,388.11302049200845,808.95515541
186402.23257791015,380.70728498227356,817.17325729
-,-,-
round,:,69
278880.0444782101,483.80400971817227,817.17325729
278876.2485466001,483.25953823210546,896.4949906400001
278848.2668049701,480.86080912009834,903.32497354
278848.2668049701,469.1062201544827,906.81255875
278833.40976909007,468.8026793664292,935.87169493
278814.7507952101,461.72413502357256,975.07318783
-,-,-
round,:,71
255051.74166857003,433.85409741480413,817.17325729
255040.6805643,429.9451726342926,927.0566318499999
-,-,-
round,:,73
274702.7555905099,458.05271128347624,840.60270331
274691.87477550993,453.2639328478109,1002.78304957
274691.87477551,451.40424354012873,1046.68597324
-,-,-
round,:,74
182830.62371598,523.2285827685402,840.60270331
182781.90901092,512.4286132853438,861.76373355
-,-,-
round,:,75
263497.11225754995,512.5311355545194,836.99048897
263497.11225754995,509.8699729412717,1022.10520911
263390.4690549799,507.19328638250977,1073.46903566
-,-,-
round,:,77
297629.73053315,528.1407629352135,1095.86496898
297623.14456919004,526.5399257747761,1193.6636567799999
-,-,-
round,:,81
269432.21395798004,486.2244135166586,1101.1429897599999
269429.36212013,484.2596759293763,1178.81086742
269385.95457856,483.4869269091487,1225.41173711
269340.28899028,485.9369897891523,1243.84345927
-,-,-
round,:,90
208899.83046522998,409.9362764671024,1060.32023817
208847.92363394,409.4132918079237,1209.2497267099998
-,-,-
round,:,92
182104.40677199,436.29357239635124,1180.27375163
182072.46693121002,426.0146018316049,1272.2149723
-,-,-
round,:,95
310724.75097093993,474.90257764812077,1426.4051874299998
310646.8572801999,461.0849201364543,1559.4903361199997
310496.8523511099,458.96034824606164,1588.7015308699997
310480.9246459999,457.63753845091765,1687.9852108
310358.6857202199,458.79960007955833,1702.77174543
-,-,-
round,:,97
298653.8855801399,469.73770616353585,1426.4051874299998
298576.16271012987,462.44837680448535,1559.6888447000001
-,-,-
round,:,99
345566.85282747017,479.5283046926004,1426.4051874299998
345489.3470074501,478.66872445849674,1587.87379508
345489.3470074501,477.42797579229,1655.8918559699998
345146.0962975201,476.3180481701366,1702.77174543
345086.8273136301,467.542906940904,1725.90390386
345078.4239050801,466.73733018239335,1731.9664667099998
345078.4239050801,465.92663243977853,1755.11507913
-,-,-
round,:,101
346886.1994798202,500.4018937219525,1426.4051874299998
346856.53732646024,493.1789729293711,1702.77174543
-,-,-
round,:,105
298127.98776169005,574.9833221245216,1409.54234322
298107.61175455,567.6758696606327,1415.93964121
298036.84395410004,565.1917371876675,1426.4051874299998
297950.93472553,554.1446752826388,1702.77174543
-,-,-
round,:,107
343578.50154534006,504.228139200498,1409.54234322
343578.41528872005,496.4569063520658,1426.4051874299998
-,-,-
round,:,120
282173.1238176101,495.93394081139223,1687.04429209
282158.9781448801,494.0952162731592,1884.27078261
-,-,-
round,:,121
358562.93931628007,470.96751076320726,1772.46110505
358471.51651682006,464.3725070096701,2027.21975678
-,-,-
round,:,123
381470.57128679,521.2414977765841,2216.4480358799997
381429.80660198,517.4003094923428,2223.97876937
381396.76708722004,515.9500964356906,2240.71548325
-,-,-
round,:,125
408338.6474973301,478.68261811854103,2351.97117658
408336.42464927013,469.14122438869884,2434.2544002100003
408179.3247590001,465.33599806151705,2452.64230186
408164.08353020006,463.10279634872296,2463.67650959
-,-,-
round,:,129
396842.47508955013,496.5519661682238,2127.5377884
396772.1220805901,490.27265825165364,2303.67123558
396742.51332605013,486.13320669267154,2319.95477126
396655.01387714007,481.03734712625175,2423.07338841
396157.0397907401,478.8509907858269,2452.64230186
396138.84404657007,474.45606195382794,2464.02178059
396127.67139915004,473.8756320148097,2512.24483462
395626.91468084004,473.00362680305426,2523.38927915
-,-,-
round,:,130
289511.06607349,498.25576565119997,2242.11006843
289449.81839883,489.75900845199914,2282.32149353
-,-,-
round,:,133
496431.2021106002,421.7978064910591,1848.8763710500002
496419.1523147401,416.07384555117136,2229.2200480900005
-,-,-
round,:,134
303718.8412498,535.1265225794209,2121.1716471
303718.61221953,529.9989909807276,2282.4084470200005
303370.81921368,525.7422372556729,2317.4801681500003
-,-,-
round,:,136
328660.86898285995,466.41220214628555,2242.11006843
328660.86898286,459.7799580715522,2442.8074907900004
-,-,-
round,:,137
345033.66334131,531.8685772123582,2448.87188191
344871.12485369,530.446136283355,2456.47893156
-,-,-
round,:,141
419301.7910957199,458.1958509077815,2592.57228076
419301.7910957199,454.8331395970412,2619.5112742700003
419301.79109571985,450.04512381073886,2654.3102851500003
419301.7910957198,447.09776517837486,2684.20643777
419198.03554889985,445.4036991255552,2770.79632986
-,-,-
round,:,143
422295.1510291199,553.8676985134094,2574.17906713
422294.39230196,545.2444141401198,2844.2823169000003
-,-,-
round,:,145
401705.36104617006,479.83524639940015,2574.17906713
401641.4403422501,471.76343567108097,2845.6097054199995
401579.9814339101,466.25328869590805,2885.4372548899996
-,-,-
round,:,149
398955.4036612399,473.42137101250637,2845.6097054199995
398955.4036612399,473.0825689196295,2885.4372548899996
398951.02278966986,470.37984463820976,2896.14449987
-,-,-
round,:,150
437164.4560280299,500.58977225098073,2512.24483462
437164.45602803,486.12585922891975,2759.15770772
-,-,-
round,:,153
477993.92010722024,489.98033392555266,2512.24483462
477988.17781034025,484.0009656679502,2786.0787652299996
-,-,-
round,:,155
500304.8926764301,503.4029091884865,2638.20025302
500250.7504880601,494.42251876833177,2786.0787652299996
-,-,-
round,:,165
481523.7077500701,608.3313985664228,2786.0787652299996
481469.67253118014,606.0549422892824,3017.82861424
-,-,-
round,:,167
480552.2452063401,513.8620349867604,2786.0787652299996
480533.79502457014,505.9371699749776,3038.8959674300004
480502.6801089301,501.64956793818254,3046.6676268499996
-,-,-
round,:,173
552254.2730902602,613.2634502496909,2786.0787652299996
552252.8984750502,606.3196609884902,3137.2176473900004
552252.8984750502,602.0738720809462,3144.8527361799997
552229.5600139702,583.1436038227782,3291.2099187299996
-,-,-
round,:,174
403255.8299210699,591.4742733308834,2786.0787652299996
403255.82992107,584.1267745953103,3113.3804288400006
-,-,-
round,:,179
496175.2381341402,551.0104126565058,3108.4940400000005
496175.2381341402,541.5250691723136,3404.43676021
496169.7819143602,542.2278389729929,3503.5727019500005
-,-,-
round,:,180
301617.28047539,506.64968797308217,3428.96958855
301615.66414271004,502.28955877637304,3556.80920838
301602.70598251006,496.74950788405386,3628.23433819
-,-,-
round,:,181
498476.3327865799,508.1570040907331,3428.96958855
498474.7164538999,502.2684245345556,3628.23433819
498474.7164538999,497.5805367225594,3732.6504397999997
498474.7164538999,494.58657036138595,3781.3231306000002
498473.1001212199,489.64891823289844,3836.5110504
-,-,-
round,:,183
534848.2763952501,472.8987253742213,3628.23433819
534848.2763952501,465.16088333946874,3747.82681928
534738.5959432701,461.14085568682947,3781.3231306000002
534738.59594327,456.7176377156179,3849.89309432
-,-,-
round,:,185
528825.65326687,550.25610574386,3244.6481521900005
528814.34630377,545.6775937232195,3496.7618749199996
528814.34630377,523.5259367707766,3628.23433819
-,-,-
round,:,191
481773.05479550996,487.55986221084,3628.23433819
481773.05479551,483.01081613428465,3764.4159361900006
481773.05479551,476.748143591208,3798.8387483600004
-,-,-
round,:,195
603985.8883463301,541.2332252026829,3477.5791187599993
603874.4877856103,531.414469536718,3536.04707631
603874.4877856103,522.9804797269813,3799.4105033399997
-,-,-
round,:,199
637040.0259613601,551.4434630500812,3557.53698081
636992.6150378601,544.6762073616823,3671.4318945699993
636682.9160052101,544.5339084813381,3799.4105033399997
-,-,-
round,:,200
443492.2041227498,497.6351949765363,3557.53698081
443464.9212890898,480.3141994310668,3795.6936804100005
-,-,-
round,:,203
607719.70693603,555.5232784286142,3557.53698081
607624.20818623,531.8693686787848,3858.1147641400003
607569.09055651,529.3237507283785,3936.2116180400003
607451.9853045399,517.2023565999341,4063.4989640399995
607377.0200555599,515.9979627315961,4099.903323
607367.98251682,509.44917136572553,4211.2256046
-,-,-
round,:,204
464960.8342490899,449.3237207732775,3557.53698081
464847.12307166983,430.6244458422289,3934.6412162700008
-,-,-
round,:,208
432582.6312323201,530.0859109315439,3927.2773089599996
432581.0148996401,502.73356707033355,4012.643997999999
432578.79205158015,483.81952601979776,4126.713149079999
-,-,-
round,:,209
519887.37100411,570.6476755439026,3933.0308351900003
519883.99144199,561.2589188837396,4012.643997999999
-,-,-
round,:,210
481108.6099690501,505.27867257616356,3671.4318945699993
481093.0590920601,488.1107426275803,4012.643997999999
-,-,-
round,:,211
589848.48011839,503.97872570236314,3899.182540449999
589721.0865541201,497.4317326216342,3987.0183259499995
-,-,-
round,:,212
475240.6395869199,578.3661816828659,4012.643997999999
475240.63958692,566.5207844909489,4110.58305395
475175.92450493,558.220356119217,4271.33228314
475175.92450493,548.1292482509662,4320.7328232400005
475098.79930089,544.5331546285539,4355.8115634099995
475075.50461051,540.667267463011,4363.585897239999
-,-,-
round,:,215
597249.0499067801,562.3686994784213,4153.3626289700005
597249.0499067801,557.6397339383258,4316.001448169998
597194.97500026,539.5597880072844,4367.724104150001
597181.9278743801,534.2715102626205,4414.46176829
597181.9278743801,528.5864600695544,4483.65904387
-,-,-
round,:,216
456835.71743009996,495.9016238777782,4121.62772722
456835.71743009984,485.98250838333644,4277.19887738
-,-,-
round,:,218
506576.59486343985,541.5954416065762,4282.88438098
506549.9129709298,541.3062715199796,4367.682993920001
-,-,-
round,:,219
679151.0022170501,497.6087314411783,4526.38568475
679139.71872716,495.74912138657993,4600.88307879
-,-,-
round,:,220
445521.6019782599,513.4593423890652,4404.04527705
445519.37913019984,505.6826775315966,4526.38568475
-,-,-
round,:,221
568900.83442276,487.90631662288064,4250.32656588
568900.8344227601,487.1788857079698,4337.4390635400005
-,-,-
round,:,224
496695.01813309005,564.3229414632857,4446.6931184899995
496620.11594609014,551.5196748012424,4543.4552631199995
-,-,-
round,:,226
523138.72454426,549.2131712631711,4423.66278332
523137.10821157997,532.1094587179947,4607.753503790001
-,-,-
round,:,229
538770.1330375698,555.5720543527104,4703.42484207
538605.6698458499,556.4790710608953,4741.437263339999
-,-,-
round,:,233
695091.9559160001,515.6801695011565,4748.688823469999
694972.65732864,510.17722306588377,4971.81328899
-,-,-
round,:,234
495997.35733946995,523.1415479486036,4469.5855395
495763.62118205,503.26100665923747,4867.95430953
495703.89896612,499.3827499848311,4907.71223627
-,-,-
round,:,235
677798.2982703202,497.7289063246704,4886.220634179999
677714.9630094202,489.1673276772929,4977.850111940001
677714.9630094202,491.18001003243285,4999.37692779
-,-,-
round,:,55
223892.51558681997,465.8064385145419,441.75766543000003
223842.60394054995,461.8290666510567,648.62892433
-,-,-
round,:,56
108386.33142609001,430.3322572788044,627.03504779
108377.60497464999,420.4354855046501,627.2754109900001
-,-,-
round,:,57
202430.06666287,447.06466010059717,478.62483077
202386.76422915005,440.38603757493655,642.26753276
202351.07013779003,438.76287724187085,670.4786216699999
-,-,-
round,:,58
138584.97969965,435.53091297181913,376.42993350000006
138584.97969965,431.5704954613155,590.9687975400001
138519.97560618995,425.24964505857025,641.75538336
-,-,-
round,:,60
157934.14576794,380.44451084103076,745.6320291200001
157904.39088507,379.0470102231473,764.9559177000001
157896.6429525,379.0680946176363,769.71651892
157852.37592219,377.9938885326525,773.1179531799999
-,-,-
round,:,61
257315.80677324,420.6293144731101,817.17325729
257294.40306825,415.2237235521324,859.8149185699999
257294.40306824993,414.4637393416938,954.6736514
-,-,-
round,:,64
170617.29862235006,427.9692940993248,817.17325729
170572.98967351002,425.17126806512925,894.10795213
-,-,-
round,:,67
235237.12611958006,502.29286427737816,562.48874846
235204.66402254006,495.44582895205906,817.17325729
235125.61327697005,488.1734800358414,903.32497354
235125.61327697005,481.7537136829619,906.81255875
-,-,-
round,:,68
186425.83403691015,388.11302049200845,808.95515541
186402.23257791015,380.70728498227356,817.17325729
-,-,-
round,:,69
278880.0444782101,483.80400971817227,817.17325729
278876.2485466001,483.25953823210546,896.4949906400001
278848.2668049701,480.86080912009834,903.32497354
278848.2668049701,469.1062201544827,906.81255875
278833.40976909007,468.8026793664292,935.87169493
278814.7507952101,461.72413502357256,975.07318783
-,-,-
round,:,71
255051.74166857003,433.85409741480413,817.17325729
255040.6805643,429.9451726342926,927.0566318499999
-,-,-
round,:,73
274118.50702584995,461.37191719326336,840.60270331
274107.62621084996,456.6172296685996,1002.78304957
274107.62621084996,454.7712531543717,1046.68597324
-,-,-
round,:,74
182830.62371598,523.2285827685402,840.60270331
182781.90901092,512.4286132853438,861.76373355
-,-,-
round,:,75
263497.11225754995,512.5311355545194,836.99048897
263497.11225754995,509.8699729412717,1022.10520911
263390.4690549799,507.19328638250977,1073.46903566
-,-,-
round,:,77
296050.98246560997,527.4701863617162,1095.86496898
296044.39650165,525.855835417884,1193.6636567799999
-,-,-
round,:,81
266833.28995496006,478.4331298148949,1101.1429897599999
266830.43811711,476.40487543509397,1178.81086742
266787.03057554003,475.6163870755025,1243.84345927
-,-,-
round,:,82
231778.09704075003,444.9785208630133,1058.21389174
231778.0970407501,444.5353116749996,1090.27266523
-,-,-
round,:,85
287701.38316003,521.986818643111,1220.0137475800002
287679.00540409004,516.4594555138218,1254.0641450599999
-,-,-
round,:,90
209168.72928176998,409.1124912930653,1060.32023817
209116.82245048,408.59193762716035,1209.2497267099998
-,-,-
round,:,92
177867.58195985,449.30652243415454,1180.27375163
177835.64211907002,439.08707709366644,1181.38187217
-,-,-
round,:,95
309685.9540408499,465.1119336697803,1559.4903361199997
309644.0827537198,462.33389387166557,1588.7015308699997
309628.1550486098,461.01384344479516,1687.9852108
309505.91612282983,462.20563786764995,1702.77174543
309450.21698064986,452.1412903068356,1720.18645685
309450.21698064986,451.2951405805257,1734.5918034899998
-,-,-
round,:,96
206197.90736168003,445.3129246666331,1471.59894169
206197.9073616801,443.8845935985463,1528.67312968
206153.74792258008,441.66951793883516,1532.5181385800001
206153.74792258008,414.2809361746466,1626.2538271699998
-,-,-
round,:,99
344710.7316460101,463.8295257992187,1587.87379508
344710.7316460101,462.53903333861984,1655.8918559699998
344367.4809360801,461.46833376031896,1702.77174543
344308.2119521901,452.34905600465663,1755.11507913
-,-,-
round,:,101
342606.3830601302,496.25275705939396,1702.77174543
342598.91545533016,490.1971508518339,1728.6221956600002
342475.90028088016,482.93296865026326,1784.89661946
342455.29095396015,478.1879870791322,1819.66996928
342444.07099621015,475.1531119944221,1930.2946097899999
-,-,-
round,:,105
297008.46782945,557.7737169597785,1409.54234322
296988.09182231,550.1716672261192,1415.93964121
296917.32402185997,547.603058541602,1702.77174543
296853.60934185,538.7559988528742,1736.0591748200002
296825.11968791,532.5929786664444,1784.89661946
-,-,-
round,:,106
260127.20714199002,425.05156085144176,1687.9852108
260049.40975655004,414.619592866651,1702.77174543
-,-,-
round,:,108
270799.98677603004,460.64599583329914,1564.3989158000002
270787.99107053,457.7397350283681,1687.9852108
-,-,-
round,:,109
303793.89470009,456.4879256078916,1702.77174543
303732.40286813996,445.73919018384464,1784.89661946
-,-,-
round,:,111
331368.40564571,475.3385512172594,1702.77174543
331304.6909657,460.84070853467585,1859.62035531
331304.6909657,455.8715246411329,2095.84079263
-,-,-
round,:,115
395320.93163224985,462.093028091071,2072.7012561600004
395204.47777387983,460.79098474804385,2095.29833877
-,-,-
round,:,117
378584.0543846699,533.2784134882672,1687.04429209
378564.3194040999,527.4646241075837,1773.1001957899998
-,-,-
round,:,119
299937.78308460006,465.193360421798,1687.04429209
299905.5117899601,462.74936931390283,1932.4563292999999
-,-,-
round,:,120
283065.30264374,492.07015085388537,1687.04429209
283051.15697101003,490.2196146892904,1884.27078261
-,-,-
round,:,121
353019.6271728501,467.762372536797,1772.46110505
352928.20437339006,461.013876027881,2027.21975678
-,-,-
round,:,123
383950.1774680901,532.1434159245435,2223.97876937
383917.13795333,530.7422940251737,2240.71548325
-,-,-
round,:,125
404725.02693649,476.1482143990014,2064.7451643100003
404624.84501435,474.1762615146322,2210.9266789499998
-,-,-
round,:,129
409887.58549975016,486.48797988938475,2303.67123558
409857.9767452102,482.45202738480634,2319.95477126
409770.4772963002,477.48202351409986,2423.07338841
409321.4046535802,478.43039138201607,2452.64230186
409303.20890941017,474.1757523290086,2464.02178059
409292.03626199014,473.61361365810694,2512.24483462
409183.56451723014,470.34606325665493,2523.38927915
-,-,-
round,:,130
287433.91254708,500.5116561828385,2242.11006843
287372.66487242,491.9760302420969,2282.32149353
-,-,-
round,:,133
488897.10979612014,404.82790415741175,2419.16037702
488885.06000026007,402.58708314288646,2617.12812204
-,-,-
round,:,134
310123.6083070501,520.315863819367,2121.1716471
310123.37927678006,515.1548989867131,2317.4801681500003
-,-,-
round,:,136
341275.25962726,470.0766590745931,2242.11006843
341275.25962726,463.7566435204387,2409.97718794
341270.63592967996,456.6013832253368,2442.8074907900004
-,-,-
round,:,137
352442.24941008,534.9046338424185,2448.87188191
352279.71092246,533.5242288536597,2456.47893156
-,-,-
round,:,141
400195.70523409994,476.1350247124575,2592.57228076
400195.70523409994,472.75096145319725,2619.5112742700003
400195.7052340999,467.9339251830877,2654.3102851500003
400195.7052340999,464.96952893347424,2684.20643777
400091.9496872799,463.2524272533267,2686.6427268200005
400025.4293273199,461.25837081861994,2763.43858669
-,-,-
round,:,143
446657.48246878985,541.0644597563702,2574.17906713
446656.7237416298,532.7570764439771,2745.2657490600004
446595.3606186899,532.6343285158246,2806.3510404500003
446318.3949133999,524.2046735374128,2844.2823169000003
-,-,-
round,:,145
412427.9636303501,465.91561770845914,2845.6097054199995
412366.50472201005,460.48333730531465,2885.4372548899996
-,-,-
round,:,147
452921.2828951302,554.9608139492941,2586.4396637500004
452921.2828951301,554.6509278947304,2600.26635045
-,-,-
round,:,149
392575.9680441499,479.7216692488375,2830.26056214
392575.9680441499,479.2940555985956,2845.6097054199995
392575.96804414986,478.95615753683023,2874.51186718
-,-,-
round,:,150
434747.9855010199,496.1143887823082,2512.24483462
434747.98550102,481.39254904566513,2759.15770772
-,-,-
round,:,152
353533.6176073901,446.87579943077503,2617.12812204
353501.3458186001,445.5998205437426,2759.15770772
-,-,-
round,:,155
517057.39405782,511.78675498476713,2638.20025302
517003.2518694501,503.2342572496301,2786.0787652299996
-,-,-
round,:,165
500635.68017387006,599.6897073757385,2786.0787652299996
500581.6449549801,597.4731918637092,3017.82861424
-,-,-
round,:,167
501931.9611256901,489.86106366971933,2786.0787652299996
501913.51094392006,481.89713424128337,3038.8959674300004
501882.39602828,477.5859086322276,3046.6676268499996
-,-,-
round,:,173
543713.1305512802,596.4222630620169,2786.0787652299996
543711.7559360702,589.1613484018163,3144.8527361799997
543688.4174749902,569.4779682553382,3291.2099187299996
-,-,-
round,:,174
432532.3819250199,549.5076125832004,2786.0787652299996
432532.38192502,542.1380583159762,3144.8527361799997
-,-,-
round,:,179
516340.7195912399,543.8672321136636,3108.4940400000005
516335.2633714598,535.3006089772966,3503.5727019500005
-,-,-
round,:,180
290930.5291988099,495.7960442705301,3428.96958855
290928.9128661299,486.02326637107944,3556.80920838
290915.9547059299,480.10755281774766,3658.6522808500004
-,-,-
round,:,181
446666.52241093986,501.7350565851558,3428.96958855
446664.90607825987,472.2421252496826,3700.4930342899997
446647.32430499984,467.12697361654267,3732.6504397999997
446647.32430499984,466.2358624080544,3836.5110504
-,-,-
round,:,182
397627.9550329399,472.7829152532223,3182.74948083
397627.95503294,455.127550542221,3428.96958855
397627.95503294,449.41638871224006,3491.05029502
-,-,-
round,:,184
428362.12831977,517.4823529155607,3428.96958855
428360.51198709,492.12586473229055,3662.330999
-,-,-
round,:,191
522944.2183755899,461.2698199258369,3700.4930342899997
522885.88839952985,458.1291612643747,3798.8387483600004
-,-,-
round,:,192
357340.08021643996,527.3130476356174,3700.4930342899997
357277.30454425997,520.9228076914012,3822.10557961
-,-,-
round,:,193
612892.2119176703,511.7675068599781,3700.4930342899997
612833.8819416104,506.76598335571146,3799.4105033399997
-,-,-
round,:,195
588377.73744905,541.2965707300327,3477.5791187599993
588266.33688833,531.7534476417622,3700.4930342899997
588203.5612161502,529.4659528845899,3799.4105033399997
-,-,-
round,:,199
670307.83937759,557.2772118945967,3436.87589518
670307.83937759,548.1887417338763,3557.53698081
670260.42845409,540.9196649335374,3671.4318945699993
670144.5821972501,535.7880604453709,3700.4930342899997
670081.8065250701,533.1186764473065,3799.4105033399997
-,-,-
round,:,200
431517.0210067799,509.8985502117859,3557.53698081
431489.7381731199,492.6028391978309,3700.4930342899997
431435.8956452099,488.77103694560503,3799.4105033399997
-,-,-
round,:,202
491563.1057631399,561.7811027958886,3527.0370457900003
491446.0005111699,553.3531865783787,3557.53698081
-,-,-
round,:,203
628562.8388689401,516.3773239461959,3527.0370457900003
628445.7336169701,500.4366444835024,3557.53698081
628350.2348671701,474.9421972105475,3700.4930342899997
628318.2507938402,470.32630395330636,3858.1147641400003
-,-,-
round,:,204
405171.51416085,526.4588191887284,3557.53698081
405057.80298343004,508.2063371142319,3700.4930342899997
404978.1360842,508.10220395499783,3740.97358013
404898.5270275,505.0057740690603,3815.4658370899992
-,-,-
round,:,205
411837.69432276004,497.84412824261653,3700.4930342899997
411825.52194065007,472.8820682926513,4012.643997999999
411814.2384507601,464.9981397622361,4206.9256461800005
-,-,-
round,:,208
406691.84950467,540.1905936101751,3700.4930342899997
406683.09805964003,517.8673990369376,4012.643997999999
-,-,-
round,:,211
599619.6078797,590.94894007431,3700.4930342899997
599556.83220752,585.7006781978665,4012.643997999999
-,-,-
round,:,212
511870.89412750985,605.907508968549,3700.4930342899997
511810.3413033898,592.4919268226223,4012.643997999999
511810.3413033898,573.4474401502747,4188.43548548
511732.72166093986,568.6104296086978,4194.10212604
511517.2930991499,565.4820244036889,4202.33806307
-,-,-
round,:,213
536037.9859042402,525.5443675227391,3700.4930342899997
535975.2102320602,517.8331110536075,3976.4566803699995
-,-,-
round,:,214
458715.0209807799,541.5185271947399,3700.4930342899997
458652.2453085999,539.2806242188681,4012.643997999999
-,-,-
round,:,215
565087.9633023002,556.1562371423751,3700.4930342899997
565025.1876301202,553.769131470582,4088.7735659799996
-,-,-
round,:,217
606076.4450141898,578.2825726860758,3700.4930342899997
606018.1150381297,560.6184120784989,3859.1696313800003
-,-,-
round,:,219
630006.0012293801,515.8703486409083,3700.4930342899997
629965.0617182201,511.9426320752278,3952.0147551699997
629945.4484052601,508.8752656966605,4007.2254398699997
629943.2255572001,506.9961451444087,4202.11330009
-,-,-
round,:,220
543189.1705440701,509.29090040753385,3700.4930342899997
543130.84056801,502.4588176318409,4140.952306759999
-,-,-
round,:,221
609408.2346461401,563.8260646528998,3700.4930342899997
609386.1636396901,554.4713947769351,4252.3445385
609125.7909791701,556.6407582210035,4333.17204354
609125.7909791702,556.6406149886112,4335.190016160001
-,-,-
round,:,223
592406.8632849399,592.1045154669434,4404.135080960001
592406.8632849399,591.5644388516921,4419.99800337
592377.8834302599,581.3012102778678,4490.637970310001
592328.8978869099,583.1684533589032,4532.96837038
592315.70447286,576.5262911686586,4639.104670760001
-,-,-
round,:,226
542882.9330150599,515.059604303898,4423.66278332
542881.3166823799,504.17334730722274,4543.4552631199995
542875.1964862699,497.34991977247694,4607.753503790001
-,-,-
round,:,232
500119.78547837,483.3753205016194,4052.73169365
500107.62093707995,483.2277585474231,4153.3626289700005
-,-,-
round,:,234
487134.7464897099,559.098658707712,4626.744319189998
487050.8702948299,550.36437827148,4721.105083100001
-,-,-
round,:,235
653562.7820968704,531.3250917725302,4799.5659431799995
653500.8798154704,531.5746767232807,4838.356038920001
653461.9998117504,528.5787683834379,4925.98228235
-,-,-
round,:,237
654219.7398206501,555.9006566894591,4907.999255309999
654219.7398206501,547.8173813582044,4950.4902115
654177.4378649702,545.7916243442462,4999.37692779
-,-,-
round,:,240
553165.53007632,491.04038398774935,4289.500933450001
553165.37847812,490.7338204282965,4305.11318159
553129.34367411,453.3063099238687,4950.4902115
553119.80503924,450.82829985983454,4999.37692779
-,-,-
round,:,55
223892.51558681997,465.8064385145419,441.75766543000003
223842.60394054995,461.8290666510567,648.62892433
-,-,-
round,:,56
108386.33142609001,430.3322572788044,627.03504779
108377.60497464999,420.4354855046501,627.2754109900001
-,-,-
round,:,57
202430.06666287,447.06466010059717,478.62483077
202386.76422915005,440.38603757493655,642.26753276
202351.07013779003,438.76287724187085,670.4786216699999
-,-,-
round,:,58
138584.97969965,435.53091297181913,376.42993350000006
138584.97969965,431.5704954613155,590.9687975400001
138519.97560618995,425.24964505857025,641.75538336
-,-,-
round,:,60
157934.14576794,380.44451084103076,745.6320291200001
157904.39088507,379.0470102231473,764.9559177000001
157896.6429525,379.0680946176363,769.71651892
157852.37592219,377.9938885326525,773.1179531799999
-,-,-
round,:,61
257315.80677324,420.6293144731101,817.17325729
257294.40306825,415.2237235521324,859.8149185699999
257294.40306824993,414.4637393416938,954.6736514
-,-,-
round,:,67
235640.06706187004,496.9892508971679,562.48874846
235607.60496483004,490.0697760429432,903.32497354
235607.60496483004,483.675179668961,906.81255875
235517.49311499004,477.0509086665713,935.87169493
-,-,-
round,:,68
186828.77497920013,383.2876240878894,808.95515541
186805.17352020013,375.7885922519994,889.6048312700002
186741.62243125014,363.08721893463354,903.32497354
-,-,-
round,:,69
280009.24277740007,474.10797737741615,903.32497354
280009.24277740007,462.1816766736809,906.81255875
279994.3857415201,461.8753613506466,935.87169493
279975.72676764004,454.69125212439934,975.07318783
279969.86723455,452.0153413326945,1020.1616827399998
279969.86723455,445.2620385901797,1083.4248511800001
279959.45401655004,441.15898114005046,1097.72772009
-,-,-
round,:,73
275823.57837653,460.27826433985126,840.60270331
275812.69756153,455.5460563632896,1002.78304957
275812.69756153,453.70896496406573,1046.68597324
-,-,-
round,:,75
264032.44272195996,511.1221307332072,836.99048897
264032.4427219599,508.45359367358367,1022.10520911
263925.7995193899,505.7758894216139,1073.46903566
-,-,-
round,:,77
296050.98246560997,527.4701863617162,1095.86496898
296044.39650165,525.855835417884,1193.6636567799999
-,-,-
round,:,81
267165.69889169,476.95188293312657,1101.1429897599999
267162.84705383994,474.91743030582035,1178.81086742
267119.43951227,474.1284159842321,1243.84345927
-,-,-
round,:,85
290530.50250557007,522.3075010660357,1220.0137475800002
290508.12474963005,516.8284425019649,1254.0641450599999
-,-,-
round,:,90
209073.55952234,408.48183938824366,1060.32023817
209021.65269105,407.95924553750496,1209.2497267099998
-,-,-
round,:,92
178205.15732153002,446.23059131627423,1180.27375163
178173.21748075003,435.94272312497156,1181.38187217
-,-,-
round,:,95
304833.82843393984,459.1527695371077,1559.4903361199997
304791.95714680984,456.2929377503543,1588.7015308699997
304776.02944169985,454.9336547676279,1687.9852108
304653.7905159198,456.1645921232436,1702.77174543
304598.0913737398,445.7949029076184,1720.18645685
304598.0913737398,444.9224848854486,1734.5918034899998
-,-,-
round,:,96
208196.03403772003,444.5273077959151,1471.59894169
208196.0340377201,443.1127300486874,1528.67312968
208151.87459862008,440.91424727047564,1532.5181385800001
208151.87459862008,413.7976621871896,1626.2538271699998
-,-,-
round,:,97
291810.35426535987,449.4748766775419,1702.77174543
291754.8259439099,446.4011927735946,1742.72959624
-,-,-
round,:,99
346662.3976484301,466.76137756596034,1587.87379508
346662.3976484301,465.4888912548528,1655.8918559699998
346319.14693850005,464.4017331662279,1702.77174543
346259.87795461004,455.40606546034695,1755.11507913
-,-,-
round,:,101
339414.6763828503,496.49977926913823,1702.77174543
339407.2087780502,490.39804081821677,1728.6221956600002
339284.19360360014,483.0706384207401,1784.89661946
339263.5842766802,478.28757749521196,1819.66996928
339252.3643189302,475.22827035375167,1930.2946097899999
-,-,-
round,:,105
297598.42921696,551.8262897490872,1409.54234322
297578.05320981995,544.143122611276,1415.93964121
297507.28540937,541.5527820159249,1736.0591748200002
297478.79575543,535.4250509787971,1784.89661946
-,-,-
round,:,106
268666.54089029,420.52045725723065,1687.9852108
268588.74350485,410.29362355585624,1705.9569824800003
268506.99694028,409.4240882455588,1784.89661946
-,-,-
round,:,108
267482.94312080997,442.60628645487986,1564.3989158000002
267470.94741530996,439.55022195880787,1687.9852108
-,-,-
round,:,110
259754.45383713013,457.6383160000425,1909.7764253099997
259699.0381973301,452.72990210578695,2000.46333936
-,-,-
round,:,111
329218.19357257005,460.5008530792888,1859.62035531
329218.19357256993,455.483316485982,2095.84079263
-,-,-
round,:,113
380671.47262151004,483.44249092830177,2054.79957784
380671.47262151004,479.63522189433314,2072.7012561600004
380643.2776992001,476.7118930527051,2115.48522013
-,-,-
round,:,115
398704.78109158,463.79895471634933,2072.7012561600004
398588.32723321,462.5498783011158,2095.29833877
-,-,-
round,:,117
381597.5294431199,532.2035270959318,1687.04429209
381577.7944625499,526.4255889638731,1773.1001957899998
-,-,-
round,:,119
302620.1095484301,469.0990812817112,1687.04429209
302587.8382537901,466.6974205002852,1932.4563292999999
-,-,-
round,:,120
277778.41596391005,484.0564176356858,1887.37496094
277692.2471466901,479.7726080176691,1950.54744205
-,-,-
round,:,121
350778.11430029,437.48511737596823,2140.1906602999998
350778.11430029,427.7073839608464,2213.16331052
350749.52547783003,424.9169458116668,2216.4480358799997
350708.7607930201,425.1422021808822,2249.1228368599996
-,-,-
round,:,123
378824.77725100005,548.3079155737641,2216.4480358799997
378786.77646003,541.6315882836394,2223.97876937
378753.73694527004,540.2371396210225,2240.71548325
-,-,-
round,:,125
415628.78067087004,472.2847625887049,2064.7451643100003
415528.5987487301,470.32813578966704,2210.9266789499998
-,-,-
round,:,129
407081.4789074701,483.90085067508005,2303.67123558
407051.87015293015,479.79198916173846,2319.95477126
406946.1749598501,470.4125436798039,2452.64230186
406883.5014812201,468.3662190351344,2512.24483462
406382.7447629101,467.7995227616365,2523.38927915
-,-,-
round,:,130
281457.38604198996,509.21272868115665,2242.11006843
281396.13836732996,500.68740096170524,2282.32149353
-,-,-
round,:,131
403726.50156476017,518.3660845352874,2134.25940561
403694.35253702017,516.5238549959332,2333.3518764699998
-,-,-
round,:,133
493294.7939320602,402.9299722631157,2419.16037702
493282.7441362001,400.70628540021346,2452.64230186
-,-,-
round,:,134
307992.9614272001,533.6456248832151,2121.1716471
307992.7323969301,528.559932894679,2317.4801681500003
-,-,-
round,:,137
336501.30264142004,548.167818308421,2448.87188191
336338.76415380003,546.825636590513,2456.47893156
-,-,-
round,:,141
394878.37706063996,465.61912218722716,2654.3102851500003
394878.37706063996,462.58402473613876,2686.6427268200005
394811.8567006799,460.5764981147094,2763.43858669
-,-,-
round,:,143
446120.9360226999,530.5292599429974,2574.17906713
446120.17729554,522.0542031728936,2806.3510404500003
445729.41943614,514.2168087884996,2844.2823169000003
-,-,-
round,:,145
414077.5895473601,465.7596371326019,2675.64442986
414060.19949782005,461.84408028152063,2845.6097054199995
413998.74058948003,456.3815034221192,2885.4372548899996
-,-,-
round,:,150
439584.22527724993,491.62633089523666,2512.24483462
439584.22527725,476.89063752424363,2675.64442986
-,-,-
round,:,155
521990.37942273,514.9515513986142,2607.38023891
521943.5340141,510.3218706715412,2638.20025302
521889.39182573,501.81575241496563,2786.0787652299996
-,-,-
round,:,165
511866.77199089015,589.9022667379011,2786.0787652299996
511812.7367720001,587.7038464616887,3038.8959674300004
-,-,-
round,:,167
472240.12417879,495.7425864195298,2786.0787652299996
472221.67399702,487.31107782227053,3038.8959674300004
472190.55908137996,482.75976875655545,3175.86468932
472190.55908137996,472.3688252796916,3291.2099187299996
-,-,-
round,:,169
580327.17639516,500.1983428614181,3038.8959674300004
580298.28432758,495.3188711512862,3291.2099187299996
-,-,-
round,:,170
339572.0287086998,457.9719781274152,2857.75380481
339541.4693279099,445.4404432136264,3030.63701004
-,-,-
round,:,171
533920.5405528,615.5300026450122,3038.8959674300004
533893.8713332801,603.4956802115806,3164.0508088300003
-,-,-
round,:,173
547518.3798545704,573.6878562281554,3144.8527361799997
547495.0413934904,557.7536238540158,3291.2099187299996
547476.5912117204,555.6509938036163,3337.3114725200003
547470.9474265805,554.9911546457515,3440.95521457
547149.2836390504,554.6659702270091,3449.0031633300005
-,-,-
round,:,175
413360.90551683994,546.8032299837262,3144.8527361799997
413337.5670557599,522.1001991966698,3291.2099187299996
413337.5670557599,513.575183918277,3632.05361001
-,-,-
round,:,178
476884.61014666007,437.1427846269178,3242.91391495
476884.6101466601,422.71461597657344,3419.0899337799997
-,-,-
round,:,179
539589.7938244701,494.47797457376004,3487.9255587799994
539574.9029524901,488.72516020716824,3825.4853058999993
539568.7827563802,485.93807021647365,3929.8591575499995
-,-,-
round,:,183
516593.28317100974,537.2593228140487,3135.6163435599997
516574.2357871298,509.7631397892901,3556.70036054
516566.8110265698,503.6373915102933,3783.6548682099997
-,-,-
round,:,185
495783.96942245,522.6003852557094,3516.6700025099994
495783.96942245,498.3312064923381,3823.603474509999
495670.8670114699,499.3076806191918,3838.097836229999
-,-,-
round,:,186
464714.53147767,457.32512644249414,3530.6681642
464636.0397008,457.73610802769554,3567.9468044
-,-,-
round,:,187
581208.2796836802,507.1840360198345,3755.8184449799996
581093.4331141801,504.76659304891234,3822.10557961
-,-,-
round,:,188
387102.27166252007,524.7249029672565,3481.61672201
387102.27166251995,521.3458732834622,3517.60405783
-,-,-
round,:,189
568077.3077933702,511.1115211849251,3650.66898676
568041.8857827202,509.24219339788226,3822.10557961
-,-,-
round,:,190
420939.62625284004,467.08445082038827,3650.66898676
420843.92787568003,437.7750525607279,3734.4592754600003
-,-,-
round,:,191
471213.76271530014,448.3864753860683,3822.10557961
471213.7627153002,445.2591177012681,3830.6861593599997
471034.33972216013,444.87488055826555,3849.97851146
471024.80108729017,435.40463700152594,3927.30112619
470974.3295164102,433.7935650098373,3969.47850176
470475.3372052702,424.77406938989805,4018.7063128199998
-,-,-
round,:,192
371775.51074795006,549.6501128446821,3429.28476337
371770.5310412401,542.67655579045,3593.3975468500003
371770.5310412401,513.9489533859518,3822.10557961
-,-,-
round,:,193
608017.0993136201,509.9457077920619,3730.19792739
607954.0452084701,506.4478555404064,3799.4105033399997
-,-,-
round,:,194
517885.26545187,519.2529230815588,3450.396936269999
517841.0272729401,518.1195839017574,3681.5372879299994
-,-,-
round,:,198
368688.86483259994,551.5394858762733,3576.8370520500002
368673.85375862994,542.6466158527437,3799.4105033399997
-,-,-
round,:,202
436412.4861325201,563.8310278414087,3527.0370457900003
436295.38088055,554.3586402164659,3799.4105033399997
-,-,-
round,:,203
618518.4952284304,489.2546174213615,3527.0370457900003
618401.3899764603,473.7305936235146,3858.1147641400003
-,-,-
round,:,205
430555.93170620006,369.36242324046344,4423.66278332
430555.93170620006,362.2671010686142,4446.243854949999
430481.39124160004,354.37587238491415,4492.61618054
430481.39124160004,352.60661204781815,4497.699160049999
430481.3912416001,342.56726541256114,4527.85881342
430180.9401898401,332.4533171110668,4550.98291679
430149.64101421006,331.0132834735211,4566.32951474
-,-,-
round,:,206
352259.40239683003,489.8212403193025,3942.5965973600005
352216.7799604,505.0672536246726,4027.7607078
-,-,-
round,:,208
415750.62108598015,573.1190844599682,3758.2394181
415744.58596668014,555.2186347683314,3991.8662824799994
-,-,-
round,:,209
513408.98759030004,624.8764984614694,4059.7943510800005
513408.98759030015,621.1189483835069,4202.33806307
-,-,-
round,:,210
442760.50079211994,477.7957995512558,4164.72580474
442754.2756098499,465.63226649023983,4202.33806307
-,-,-
round,:,211
627140.0246451101,537.2691807155934,4202.33806307
627140.0246451101,535.2720792164373,4287.63400926
627097.5648338201,530.5303286963999,4305.11318159
626932.45749874,522.7162233522172,4349.34139131
-,-,-
round,:,212
462072.4289999999,550.7134948159442,4202.33806307
462072.4289999999,548.7358718595717,4293.16322027
462031.5782186799,545.4294016837956,4349.34139131
462029.3553706198,542.371313166269,4355.8115634099995
462006.0606802398,538.3713821895694,4385.39484923
-,-,-
round,:,218
493511.5986593398,576.0882328446742,4202.33806307
493479.7320196898,560.0589226160714,4210.00885589
-,-,-
round,:,219
582036.9848156802,541.2522171798855,4425.15235753
581996.2801499502,538.3329643102488,4458.95432047
581989.4423561802,536.211892416165,4526.38568475
581978.1588662901,530.4970857575524,4567.85175423
-,-,-
round,:,220
502931.3012485301,485.6084386925347,4325.92034167
502931.3012485301,479.822109213587,4404.04527705
502929.0784004701,472.4726055585649,4425.15235753
-,-,-
round,:,223
608487.1708130601,581.156931913948,4487.69760719
608401.2615844901,563.9894407874177,4552.516807579999
-,-,-
round,:,226
400845.07312608004,551.8745951907978,4630.898367079999
400838.95292997005,544.5228420176546,4658.9374081000005
400791.6813554601,532.228345754779,4810.67921275
400791.6813554601,530.8775561795567,4906.3551013800015
-,-,-
round,:,227
507524.48794023995,544.0787424015292,4689.10817252
507437.1645424899,542.9923042463539,4764.319995699999
-,-,-
round,:,232
497092.61063035997,422.54228715108525,4726.409094060001
497025.10968810995,420.4830763326836,4858.91667825
496992.3503202599,414.19220041466457,4873.75617881
-,-,-
round,:,234
518859.63443850004,516.8939795323836,4554.911090940001
518859.6344385,514.8596507153271,4694.297853080001
-,-,-
round,:,235
678197.9787466304,567.2208270828627,4554.911090940001
678197.9787466304,557.9688803341614,4717.92965154
678108.8252301004,556.6402223985369,4806.66509852
678091.7076045304,547.6830604253837,4833.475024789999
678014.2669734003,547.9960021565553,4895.268043310001
678006.6940701002,546.4771738648448,4917.99034675
678006.6940701002,545.0662428438076,4920.641812219999
-,-,-
round,:,55
223892.51558681997,465.8064385145419,441.75766543000003
223842.60394054995,461.8290666510567,648.62892433
-,-,-
round,:,56
108386.33142609001,430.3322572788044,627.03504779
108377.60497464999,420.4354855046501,627.2754109900001
-,-,-
round,:,57
203042.99180177,453.509399721895,478.62483077
202999.68936805,446.9306080150761,642.26753276
202963.99527669002,445.334209133762,670.4786216699999
-,-,-
round,:,60
157934.14576794,380.44451084103076,745.6320291200001
157904.39088507,379.0470102231473,764.9559177000001
157896.6429525,379.0680946176363,769.71651892
157852.37592219,377.9938885326525,773.1179531799999
-,-,-
round,:,61
258074.81259133999,418.7792132917406,817.17325729
258053.40888634996,413.3512226077825,859.8149185699999
258053.4088863499,412.5877892763555,954.6736514
-,-,-
round,:,67
235640.06706187004,496.9892508971679,562.48874846
235607.60496483004,490.0697760429432,903.32497354
235607.60496483004,483.675179668961,906.81255875
235517.49311499004,477.0509086665713,935.87169493
-,-,-
round,:,68
187934.20411578016,374.63524901037874,808.95515541
187910.60265678013,366.9644639746958,889.6048312700002
187847.05156783015,353.9605939874564,935.87169493
-,-,-
round,:,69
282820.91980845004,460.96500817465153,935.87169493
282802.26083457004,453.81790711160585,1020.1616827399998
282802.26083457004,447.1382460009354,1083.4248511800001
282791.84761657,443.0816705434712,1097.72772009
-,-,-
round,:,73
277427.72791511,459.9612481595281,840.60270331
277416.84710010997,455.25906331243664,1002.78304957
277416.84710011,453.43387262960425,1046.68597324
-,-,-
round,:,75
264839.13363784994,514.0421427975197,836.99048897
264839.13363784994,511.38884321638625,1022.10520911
264732.4904352799,508.73629419796504,1046.68597324
264732.4904352799,501.23149621209615,1073.46903566
-,-,-
round,:,77
302497.13366293,521.49420055528,1095.86496898
302490.54769897,520.9167290162563,1193.6636567799999
-,-,-
round,:,81
264270.2583524301,478.6451599442106,1101.1429897599999
264267.40651458,476.60125648869166,1178.81086742
264223.99897301005,475.8041893379614,1243.84345927
-,-,-
round,:,85
288228.63919686,519.4251804903436,1220.0137475800002
288206.26144092,513.8716878121288,1254.0641450599999
-,-,-
round,:,86
203958.81255654996,400.09661594270733,1211.2259563399998
203945.09987252994,389.4302103222254,1254.0641450599999
-,-,-
round,:,90
206895.79788388,424.49507951467973,1060.32023817
206843.89105259,423.98624557915707,1090.27266523
206835.53961807003,422.255479871725,1209.2497267099998
-,-,-
round,:,92
181721.61763741003,435.64322372588435,1180.27375163
181689.67779663004,425.2424465256594,1181.38187217
-,-,-
round,:,95
315268.34719098,452.594223211304,1588.7015308699997
315252.41948586993,451.26862184551356,1687.9852108
315130.18056008994,452.4768436109521,1702.77174543
315074.48141790985,442.3623480685928,1720.18645685
315074.4814179099,441.5113085526178,1734.5918034899998
-,-,-
round,:,96
208581.34090258004,438.8139304679078,1471.59894169
208581.34090258006,437.3808748992238,1528.67312968
208537.18146348005,435.1584837683345,1532.5181385800001
208537.18146348005,407.65921770646776,1626.2538271699998
-,-,-
round,:,99
344477.2450367301,447.92873902880757,1587.87379508
344477.2450367301,446.6025968826612,1655.8918559699998
344133.99432680005,445.36970878272575,1755.11507913
-,-,-
round,:,101
353057.65395622025,502.05393969076704,1728.6221956600002
352934.6387817702,495.19091438820305,1784.89661946
352914.02945485024,490.7342302291856,1811.97083324
-,-,-
round,:,104
240578.28977719002,446.9610203367003,1379.08554921
240578.28977718996,443.7270369556687,1550.33620513
240567.34106003004,439.64583994225745,1645.81140759
240470.04336614002,442.77074031566934,1682.36229224
240413.86002918,440.2294083879636,1708.7534108099999
-,-,-
round,:,105
305503.79421744996,504.37608009857,1736.0591748200002
305475.30456351,497.9253503914497,1960.33867677
305464.89134550997,491.1204103327551,1972.78902735
305421.57780982,482.9577951724643,2039.23928785
305421.5778098201,474.3768146369874,2080.9032266100003
-,-,-
round,:,111
341765.22120824986,441.1143899249156,2022.2045275
341749.4288377498,437.08026902420835,2095.84079263
-,-,-
round,:,112
275876.14578991005,427.65451376678715,1626.2538271699998
275876.14578991,419.80009769390284,1868.8993633
-,-,-
round,:,113
369574.89028407,479.1502815434506,1779.5658902999999
369550.7817075,474.5865283722149,2054.79957784
369550.7817075,470.5518134285775,2072.7012561600004
-,-,-
round,:,115
389452.28555189,447.41305838791584,2085.4383841400004
389411.51803373994,447.8639814089131,2121.1716471
-,-,-
round,:,116
273348.7558293899,466.5680217701582,1924.78920036
273332.23690604995,460.60195548422627,2019.9431004799999
273278.59644868993,460.13053729488394,2039.7381517300003
-,-,-
round,:,133
492556.76444014,402.91349276707126,2493.77011184
492556.76444014,398.25091259542234,2532.5187842399996
492414.1719885501,394.4154770060036,2617.12812204
-,-,-
round,:,134
314352.52071361017,546.2777248119708,2002.2651204200004
314341.92032257013,541.3130276389682,2121.1716471
314341.6912923001,536.4071801085584,2259.5266922100004
-,-,-
round,:,138
294486.89305466996,514.8144412166082,2645.1473786799997
294477.15356294997,505.0967412036544,2731.77493891
-,-,-
round,:,141
404661.8646509899,454.8941649376332,2592.57228076
404661.8646509899,451.3832106098042,2654.3102851500003
404661.8646509899,448.3374267089107,2684.20643777
404558.1091041699,450.5845945558812,2770.79632986
-,-,-
round,:,143
438636.86761361005,541.3400605844827,2543.28331585
438582.13218668004,531.7259829034234,2695.05487678
438582.13218668004,529.7268031265087,2781.4902934799998
438462.62439676,529.4524229572403,2949.2269554999993
-,-,-
round,:,145
413182.9136201201,472.4417485801123,2675.64442986
413165.52357058006,468.30804945265675,2753.95660402
-,-,-
round,:,150
390934.96328310017,478.791941904859,2512.24483462
390934.96328310017,461.46545331030177,2753.95660402
390933.9263015602,442.10975843824724,2759.15770772
-,-,-
round,:,155
467060.4763941301,516.9255824364737,2638.20025302
467041.2387233701,501.21915171355755,2734.7456875699995
467041.2387233701,490.7639062570908,2786.0787652299996
-,-,-
round,:,158
385704.7339336,488.4966285143789,2456.47893156
385693.76409753005,481.25832370545885,2786.0787652299996
-,-,-
round,:,163
510659.3543304303,553.4689482706474,2786.0787652299996
510609.2145219303,548.8009191524383,3048.2760602599997
-,-,-
round,:,165
538556.2925679202,545.1201023052884,3007.4071729
538477.5632552302,534.6187346093246,3107.33661165
538477.5632552302,526.6104244021312,3175.86468932
538477.5632552302,519.6870251072036,3227.66569149
-,-,-
round,:,66
4109.78826608,161.84525354000004,1893.0488794999999
4099.449984660001,33.31882978999988,2016.4061625400004
-,-,-
round,:,18
11186.972528450002,309.11847958041926,131.10472174
11145.662235160002,308.0318474272397,164.51376577999997
-,-,-
round,:,20
25889.89520411,347.7629300788716,146.36052409
25842.23076933,336.3588286705916,217.21823136
-,-,-
round,:,5
30183.002334949993,351.9166088906485,464.46528565
28951.29774443,317.75000857328337,505.50949252
-,-,-
round,:,6
5308.35166799,223.07323626631296,750.7099131
5091.301086199999,154.77192109930024,769.53941605
-,-,-
round,:,8
9344.98931425,283.8220218244216,565.3243709000001
9303.465244820001,232.042154110723,689.40506418
9303.472254639999,160.080636383566,731.04817941
8841.42783037,117.32620122578909,759.5664330400001
-,-,-
round,:,9
10737.484083759999,118.70772945682462,932.4453010400001
10638.734081259998,92.73065502720901,1032.0157334399998
10543.19985284,82.78029971886086,1059.8127601699998
-,-,-
round,:,10
9399.46637586,194.70819550136673,609.8431804700001
9373.98414914,197.1805172389402,648.9347646399999
9373.98414914,195.86648115670891,653.32671326
9265.74852971,182.064614147627,677.7694901
-,-,-
round,:,11
12366.13640274,271.3809369030597,751.0864552300001
12325.264339169998,267.9226500008587,764.15197259
12310.62119976,267.4283358514932,768.3770617600001
12112.036295799999,266.1364630073437,773.2040845499998
11850.912195210001,182.84215110945485,861.7413267500001
11803.309691630002,181.92510602110585,897.6112924400002
11762.43762806,177.31520294412036,910.81120063
11603.05112028,108.98866066270826,919.7289217599999
-,-,-
round,:,12
11903.89737517,169.56982910216053,681.4147183799998
11847.22818668,171.91167628877386,704.09856265
-,-,-
round,:,13
20657.44543207,295.053145286595,645.6606718700001
20646.80555706,272.45115002702477,673.47202004
20646.80555706,248.3398712269759,822.4133966699999
20560.74286681,234.72953111102385,826.1497631700001
20560.74286681,222.405411501838,840.69189686
20560.74286681,222.18495696442528,846.28538413
20521.703200930002,235.96960788622386,878.3546074799999
-,-,-
round,:,14
16291.07964642,223.97606733174555,641.10304487
16271.005297779999,222.0524051609891,654.36987417
16223.8738371,222.50377545109174,701.4783565600001
16151.39970544,215.9422718634283,722.9544994099999
15634.500256559999,154.5231362512098,740.67919168
15513.464991579998,158.3084291347007,762.50676879
15506.917082889997,131.4873850953348,785.4270363200001
-,-,-
round,:,15
23972.54765716,227.07334504202876,793.8407196300001
23912.298903010003,246.2178779277642,800.18654941
23730.029674080004,201.27088796458978,831.34863081
23690.125526240005,195.58729395368312,927.06786435
23630.378185050005,166.31953458553824,954.68167709
23609.713021780004,168.08349842781487,969.93259816
22995.821954430005,152.82514619340319,984.0299658999999
22961.108610780007,166.00778392353436,991.1323776099999
22863.388069940007,140.38046319483712,1003.3910133700002
22845.040833870004,137.94102841864483,1017.5334277300001
22845.040833870004,108.64974141839961,1026.1980342699999
22845.040833870004,96.78222253731525,1027.74374266
22845.040833870004,95.48014637411706,1028.60387829
-,-,-
round,:,16
16995.52865632,294.40702973100827,468.35034036
16971.423991699998,295.1051645364738,533.84964782
16779.01090015,257.94719580175075,606.1982260399999
16529.960152569998,273.1019470020405,618.4374028799999
16516.30939807,265.3636743503136,640.8100127800001
15860.52522822,215.99178389375268,651.3441983199999
15718.88808992,215.64308986375133,668.93670502
-,-,-
round,:,17
16649.482071219998,201.1745800149334,1001.9454683
16423.019928690002,197.05391449437238,1127.72101598
-,-,-
round,:,18
21135.538706519998,311.0376278274127,533.0402959200001
21094.89908117,303.8020398365719,650.2713610000001
21094.89908117,296.29412714684423,679.49585837
21094.77169827,274.7788328986224,799.18063936
20585.94357769,148.36683656326662,801.9876568400001
20504.864685329998,122.91797224653982,802.40485394
20342.54079104,122.20464986784572,804.0925517199998
-,-,-
round,:,19
22891.109131870002,192.93912160068243,988.6866234
22662.484752789995,159.40738887315632,1059.07885367
22652.12441157,145.30768659032805,1062.95436303
22651.203669909995,135.10987704628812,1112.96026057
22608.66997975,148.87490656074073,1126.0308855600001
-,-,-
round,:,20
21294.451272599996,303.8071106062591,499.3364724500001
21252.20500192,251.44683334415657,527.2451648699999
21141.16135639,230.55628976333745,561.7147424999999
21105.132983879997,229.0001901373743,572.58643131
20973.042339339998,226.56885151896475,600.7990968699999
20663.067693530003,230.78344947598035,619.6099553199999
-,-,-
round,:,21
12438.266941979997,284.7680174834131,870.8746146599999
12400.482014639998,193.69188183251072,995.5486122799999
12257.676258609998,147.30526179772394,1164.23442867
11752.30072213,132.2600907116419,1166.6884521700001
-,-,-
round,:,22
14177.43186471,229.90553832064063,762.72369508
14150.656037590003,234.08406673182682,813.27996237
14150.65603759,219.6856770579528,816.2491755400001
14021.23738923,231.04482757436165,838.37089423
13856.14807587,226.58215225105695,841.3389001200001
-,-,-
round,:,23
21878.54025788,299.1375138061652,964.86867247
21876.052808419998,296.376033210501,987.6110010399998
21851.20250933,295.85629172400644,999.19318131
21472.60259607,264.6299507872429,1019.7637429799998
21174.53670276,269.3316245371926,1030.4270493200002
-,-,-
round,:,24
25345.784429330004,338.86425353254737,721.7542519
25240.186176490002,323.8123613662225,780.06699551
25195.310229770002,320.2509107743384,854.78342851
25179.365413580006,299.53678361159865,960.81769605
25179.365413580006,267.5499271678452,998.91393337
25173.87146703,225.33631953757623,1070.05040798
25064.035075999996,161.90954507834167,1095.52033802
25057.287494939996,150.9340087644059,1111.4606092499998
-,-,-
round,:,26
18380.95717073,343.68495900800235,807.42348722
18214.590545369996,327.58842241922486,974.6101521200001
18198.635078019997,291.48889346899665,979.9590948399999
18102.655755519998,280.4529381595454,981.0924052
17272.92709952,174.42765661484165,1010.7600867499999
-,-,-
round,:,27
13291.73925415,295.4973837756391,1022.04712866
13251.66682433,296.0729867938117,1103.81505127
13251.66682433,291.91514275488265,1124.8407388399999
13076.393178429998,240.5461121016105,1173.1025975
12906.26914554,222.12115403057987,1175.9944561900002
-,-,-
round,:,28
16139.728640090001,281.42006458380547,879.3803851700001
16051.037540320001,280.85909846949136,1000.5053579700001
-,-,-
round,:,29
16307.790716470001,158.118346797126,1261.00007758
16307.594808180002,156.76204243305432,1274.06278679
-,-,-
round,:,30
14201.15992715,371.7062048924295,876.75926797
14093.97568682,361.49951432037386,919.6616721500002
14093.968676999999,360.805710280913,1004.21374713
13978.45332991,213.82588279703336,1079.3537314999999
13791.374928319998,218.72754986574023,1080.6242594700002
13681.13065705,155.3444170862424,1138.99189472
13681.13065705,128.10770764876784,1224.5286551000002
-,-,-
round,:,31
26974.75177432,298.0392483722002,1500.2302171600002
26655.916848529996,315.3921018457493,1503.57819403
-,-,-
round,:,32
8132.12337897,287.7823437274104,914.30554233
7971.69725908,234.01145974856507,1004.56915933
7885.735271060001,225.01325297748193,1038.02897078
-,-,-
round,:,33
22286.93042949,319.5242887974937,1065.42528337
22240.05071579,289.43099577421697,1195.20644842
21943.15334555,289.4697877457545,1222.11771458
21748.2884388,208.79991607758595,1272.9480807500001
-,-,-
round,:,36
4396.0623332000005,187.43735819449861,1200.3090012900002
4257.4028977,234.33075863521717,1225.7802038299997
-,-,-
round,:,37
23426.438148439996,466.16900126174335,1008.90243717
23175.611089219998,453.49017184350686,1094.6181211100002
-,-,-
round,:,40
13176.353800679999,291.34419408841995,1272.6251915399998
13176.35380068,290.5046974165264,1283.70887378
-,-,-
round,:,41
22335.664828389996,460.3612978865327,829.93398857
22310.337041269995,453.90066250582805,990.5773821000001
21994.381323569996,448.79434970295847,1003.0663956899998
21994.381323569996,412.487544817809,1037.89262894
-,-,-
round,:,43
33882.20508954,383.07286489414287,1028.76548628
33827.136581110004,382.1366870352704,1147.34785077
-,-,-
round,:,1
66098.97257754998,383.04956900783014,355.03730873999996
66044.53614816998,383.66002767504443,369.36211784000005
66040.16860370999,383.58231185700174,377.43621817
65918.20408874999,383.58720223122253,395.25326607
65879.45584606,380.1222718643222,398.75754809
65822.03046874999,377.9179860609437,404.08548276999994
65726.31672260999,378.3053204810805,404.76184789
65567.79484331,379.53682660173126,407.23988125
65283.91425948,378.28507812611855,415.84885571999996
65228.23351212999,378.639310490338,421.04847399999994
65137.74596826999,378.64153431478854,422.64344812999997
65137.74596826999,378.53287443224156,425.6464936599999
64939.36188848,377.9765805465323,446.07262509
64796.32064519001,379.1898350275054,447.93129517
64787.66381717002,378.48914823123505,452.04903391
64414.84515125001,365.91948212347177,455.41795898
64414.84515125002,366.6670735443717,455.46955879
64188.35142610001,352.55202291065615,458.13509928
63558.10271877,337.8426668095372,470.50441406999994
63558.10271877,335.66305502305215,471.80305695000004
63348.72834681,337.3762702969259,475.65716380000003
63319.839168110004,335.97604338461497,481.05924062
63319.83916811002,323.7194210435891,481.73335907000006
63319.839168110004,335.09841548293747,481.92460991
63319.839168110004,334.978201037148,483.23594238000004
63319.839168110004,334.947166638264,483.82724725
-,-,-
round,:,15
4663.02468077,282.59521865602824,1237.47220128
4656.85713725,68.00258052716055,1501.8605138799999
4651.26949131,43.64248555631846,1506.57933713
-,-,-
round,:,25
8266.706400140001,102.40690168906126,1518.71567703
8076.803248850001,53.812307238053116,1522.1064659800002
-,-,-
round,:,31
9551.97696989,217.96576074067218,1533.05856742
9416.40918678,175.85437667312723,1623.83636523
-,-,-
round,:,32
9387.752792800002,189.30598613266747,1356.08384639
9339.942750830001,83.7552317520051,1437.64082848
-,-,-
round,:,76
6338.354450089999,339.83948280389234,1645.52192311
6272.076141269999,285.6744645909817,1689.63625865
-,-,-
round,:,85
5632.653510049999,295.5465465750001,2520.7802084499995
5477.91081797,164.67471762500008,2574.2806913599998
-,-,-
round,:,99
9208.22779221,822.1209687626671,2115.94380335
9190.45066889,450.8635347897257,2586.98342062
-,-,-
round,:,104
5665.329982540001,655.4496681799999,2177.2153230900003
5650.24495884,576.0069403100001,2249.11553911
-,-,-
round,:,1
66098.97257754998,383.04956900783014,355.03730873999996
66044.53614816998,383.66002767504443,369.36211784000005
66040.16860370999,383.58231185700174,377.43621817
65918.20408874999,383.58720223122253,395.25326607
65879.45584606,380.1222718643222,398.75754809
65822.03046874999,377.9179860609437,404.08548276999994
65726.31672260999,378.3053204810805,404.76184789
65567.79484331,379.53682660173126,407.23988125
65283.91425948,378.28507812611855,415.84885571999996
65228.23351212999,378.639310490338,421.04847399999994
65137.74596826999,378.64153431478854,422.64344812999997
65137.74596826999,378.53287443224156,425.6464936599999
64939.36188848,377.9765805465323,446.07262509
64796.32064519001,379.1898350275054,447.93129517
64787.66381717002,378.48914823123505,452.04903391
64414.84515125001,365.91948212347177,455.41795898
64414.84515125002,366.6670735443717,455.46955879
64188.35142610001,352.55202291065615,458.13509928
63558.10271877,337.8426668095372,470.50441406999994
63558.10271877,335.66305502305215,471.80305695000004
63348.72834681,337.3762702969259,475.65716380000003
63319.839168110004,335.97604338461497,481.05924062
63319.83916811002,323.7194210435891,481.73335907000006
63319.839168110004,335.09841548293747,481.92460991
63319.839168110004,334.978201037148,483.23594238000004
63319.839168110004,334.947166638264,483.82724725
-,-,-
round,:,15
4663.02468077,282.59521865602824,1237.47220128
4656.85713725,68.00258052716055,1501.8605138799999
4651.26949131,43.64248555631846,1506.57933713
-,-,-
round,:,25
8266.706400140001,102.40690168906126,1518.71567703
8076.803248850001,53.812307238053116,1522.1064659800002
-,-,-
round,:,31
9551.97696989,217.96576074067218,1533.05856742
9416.40918678,175.85437667312723,1623.83636523
-,-,-
round,:,32
9387.752792800002,189.30598613266747,1356.08384639
9339.942750830001,83.7552317520051,1437.64082848
-,-,-
